"guid","name"
"1cb813da-dbf6-4545-a674-b67aeacf2e5e","Tumblr"
"99023225-9ce8-4166-bde5-f5634022e273","Archive"
"735ca505-8ad0-48c7-9b7e-f28bfe23da43","IFTTT Dropbox"
"924c1617-cd3b-471f-9668-39a158192ae2","Skitch"
"a8d5cbf4-1109-4fa6-9303-eaafd93f36b9","backnumber"
"d5278d92-b47b-4d71-ad90-4160e645afdc","FromInbox"
"36a20ef9-a070-49c5-9151-6266b6f0cc6a","Postach.io"
"0b578e2c-77ea-4639-9177-8267c59cf9be","Cilantro"
"0917eb9e-d646-4e2a-9194-79016df3d11d","inbox"
"3b250ef2-5a44-4ae3-bb1c-25acf1118c26","Clipboard"
"9823155d-6e76-4148-a975-07b901a3b58d","hint"
"50666372-7e03-43b2-8b1d-fb7d510119b1","tumblr-drafts"
"90b9c71c-0e36-4c53-ad70-b4b4d77c2de4","Tools"
"b307b374-df77-45fc-a6a1-076b0a2c5ae5","igp-sales"
"d26a7de0-c7d3-4ef7-9277-207a0cdb8336","igp_evangel"
"fd659602-bc17-41b1-97e2-65fa981bbde0","nodetext"
"e1eec7f2-6593-43c8-9bb4-095dbe82ef7f","semi-inbox"
"b3436760-776a-4b25-b783-821c74845678","nodefieldScrfeenshots"
"4c667999-b848-4bc0-88d0-a5d48975b286","steve"
"a8358950-c409-431d-8c6d-49d0e57d0443","management.run"
"6b36801c-650a-44df-99d3-be91b59697e1","management"
"75217fde-c4e4-4806-8d2d-c20be1ec8637","che"
"b2bb5f40-43dd-430f-b289-92a8d773bdcb","nodepad"
"8c718609-b0f7-4d62-9a4e-845e88777476","astamuse_contract"
"e57f1b6b-51f1-4f7c-8d96-b7d15f5f0464","sales"
"574c26a6-82bf-4177-b552-37458a9652a1","diyk"
"1ba72433-8e93-454c-a9c4-911bfb3180d8","eliminate"
"4cb52645-fa04-4f01-90bb-e01271b88773","eliminate.eat"
"69089e8f-99c2-4fa9-98be-2a6c251b87f0","Eliminate.place"
"7b64d6a7-b982-402c-a05d-3642d746f6ed","task-management-tools"
"49a1010a-ac56-44cc-a2b7-bb4ef764eaef","fundraising"
"d3167705-57d9-401b-b586-1d790fbed2cf","concentration"
"f33db470-d66c-409e-ab96-66e5b706db59","Irradiation"
"e4b339b2-3bd3-4aa3-854b-ad120430b381","gggg"
"c0c24551-d22f-4db3-a7d9-baab42d2c548","IFTTT iOS Photos"
"8b1602ae-63fa-4482-934b-b56d2b782e1e","clientarchived"
"a461063f-1104-4e85-bdb9-db7db7af0156","back_to_social"
"cd367ebd-268c-4c18-85eb-4f04b70f7fea","igp_socialbuild"
"449ff9aa-308d-423e-b239-44deb723fe67","pknksuper"
"df500285-5145-4ff6-ba62-f0fded3a42db","payment_plan"
"ac8a8c07-57c2-4a7f-818c-bb069fc8cf5d","reporting_with_payment_plan"
"72a9477d-d15d-4f04-ae14-edf168a79fa1","auction"
"9dbcf751-b029-412c-b84c-b6be5194c97a","nose sticks. try once"
"6160b633-0138-4977-ab09-d4b07d954fc1","node field types"
"b4b3eed2-9c2f-4bc2-8bbc-93d95314dfdb","tamorize"
"d68d7465-8d4c-46a0-b685-3483d2656e11","cycle_kit"
"b2d6513a-f935-4881-a14a-26fdb0c02a81","assets_battle"
"8e33dedd-3665-4b1e-abd3-834f5575297c","out buffer"
"5f103ab3-1a60-4902-923d-9217075e073f","Saya"
"a291f0ac-8dd1-40ff-b8dd-003ebc5dede3","gmatch"
"57f2f368-8533-455b-95b0-3cb4a4e67018","0331party"
"2fef3b23-d3b2-43dd-90b6-01baab569187","èKäµ"
"a7357ada-6553-45f5-abad-72c8f1551054","maintenance"
"63f59283-e3cb-4a4d-911b-177264ac1cf4","searchlater"
"20869215-7381-4a63-a345-bbfad93351c2","pknk"
"5e4a89e7-2b55-4068-8c32-53f6f77219a1","bicycle_battery"
"c85d3ce7-4abf-4f34-be4b-7d1457e9a401","cf1504"
"fbe7366d-9a1b-4b95-b922-bc3739062d47","home"
"d001a87d-97a7-4039-9f08-4ca0c92b132b","å≈íËìdòbçÌå∏"
"327ceb72-0160-49e2-8b35-3d71960cb760","auçÌå∏"
"8eb6aac9-fde8-4084-abce-c4552396c32d","sonetsim"
"0d9afaae-ac6b-4ed5-b2b2-240eb14c311c","IFTTT Gmail"
"7e1f714c-009d-4229-b611-32913e16029e","sapporo0321"
"49e1a011-53ad-4ee1-a9e0-0962faa81262","better_noding"
